{
  "resourceType" : "AllergyIntolerance",
  "id" : "MyPeanutAllergy",
  "meta" : {
    "profile" : ["http://openhie.com/fhir/FoodAllergy/StructureDefinition/FoodAllergy"]
  },
  "text" : {
    "status" : "generated",
    "div" : "<div xmlns=\"http://www.w3.org/1999/xhtml\"><p class=\"res-header-id\"><b>Generated Narrative: AllergyIntolerance MyPeanutAllergy</b></p><a name=\"MyPeanutAllergy\"> </a><a name=\"hcMyPeanutAllergy\"> </a><div style=\"display: inline-block; background-color: #d9e0e7; padding: 6px; margin: 4px; border: 1px solid #8da1b4; border-radius: 5px; line-height: 60%\"><p style=\"margin-bottom: 0px\"/><p style=\"margin-bottom: 0px\">Profile: <a href=\"StructureDefinition-FoodAllergy.html\">Food Allergy</a></p></div><p><b>clinicalStatus</b>: <span title=\"Codes:{http://terminology.hl7.org/CodeSystem/allergyintolerance-clinical active}\">Active</span></p><p><b>verificationStatus</b>: <span title=\"Codes:{http://terminology.hl7.org/CodeSystem/allergyintolerance-verification unconfirmed}\">Unconfirmed</span></p><p><b>code</b>: <span title=\"Codes:{http://snomed.info/sct 91935009}\">Allergy to peanut</span></p><p><b>patient</b>: Paul Peters (Identifier: https://nationalregistry.ww/nationalnumber#8936584955)</p><p><b>recordedDate</b>: 2021-07-28</p><p><b>recorder</b>: Daniel Davis (Identifier: https://nationalregistry.ww/nationalnumber#8936584955)</p><p><b>asserter</b>: Paul Peters (Identifier: https://nationalregistry.ww/nationalnumber#8936584955)</p></div>"
  },
  "clinicalStatus" : {
    "coding" : [{
      "system" : "http://terminology.hl7.org/CodeSystem/allergyintolerance-clinical",
      "code" : "active"
    }]
  },
  "verificationStatus" : {
    "coding" : [{
      "system" : "http://terminology.hl7.org/CodeSystem/allergyintolerance-verification",
      "code" : "unconfirmed"
    }]
  },
  "code" : {
    "coding" : [{
      "system" : "http://snomed.info/sct",
      "code" : "91935009",
      "display" : "Allergy to peanut"
    }]
  },
  "patient" : {
    "identifier" : {
      "value" : "https://nationalregistry.ww/nationalnumber#8936584955"
    },
    "display" : "Paul Peters"
  },
  "recordedDate" : "2021-07-28",
  "recorder" : {
    "identifier" : {
      "value" : "https://nationalregistry.ww/nationalnumber#8936584955"
    },
    "display" : "Daniel Davis"
  },
  "asserter" : {
    "identifier" : {
      "value" : "https://nationalregistry.ww/nationalnumber#8936584955"
    },
    "display" : "Paul Peters"
  }
}