<?xml version="1.0" encoding="UTF-8"?>

<Bundle xmlns="http://hl7.org/fhir">
  <id value="925b74ed-20dc-4302-8d94-391ff45f8e55"/>
  <meta>
    <lastUpdated value="2025-07-16T22:07:54.721+00:00"/>
  </meta>
  <type value="collection"/>
  <entry>
    <fullUrl value="http://openhie.com/fhir/FoodAllergy/ValueSet/FoodAllergyVS"/>
    <resource>
      <ValueSet>
        <text>
          <status value="generated"/>
          <div xmlns="http://www.w3.org/1999/xhtml">
            <p class="res-header-id"/>
            <p style="border: black 1px dotted; background-color: #EEEEEE; padding: 8px; margin-bottom: 8px">Expansion from tx.fhir.org based on SNOMED CT International edition 01-Feb 2025</p>
            <p>This value set contains 8 concepts</p>
            <table class="codes">
              <tr>
                <td style="white-space:nowrap">
                  <b>Code</b>
                </td>
                <td>
                  <b>System</b>
                </td>
                <td>
                  <b>Display (en-US)</b>
                </td>
              </tr>
              <tr>
                <td style="white-space:nowrap">
                  <a name="x-http://snomed.info/sct-91935009"> </a>  
                  <a href="http://snomed.info/id/91935009">91935009</a>
                </td>
                <td>http://snomed.info/sct</td>
                <td>Allergy to peanuts</td>
              </tr>
              <tr>
                <td style="white-space:nowrap">
                  <a name="x-http://snomed.info/sct-782555009"> </a>  
                  <a href="http://snomed.info/id/782555009">782555009</a>
                </td>
                <td>http://snomed.info/sct</td>
                <td>Allergy to cow's milk protein</td>
              </tr>
              <tr>
                <td style="white-space:nowrap">
                  <a name="x-http://snomed.info/sct-417532002"> </a>  
                  <a href="http://snomed.info/id/417532002">417532002</a>
                </td>
                <td>http://snomed.info/sct</td>
                <td>Allergy to fish</td>
              </tr>
              <tr>
                <td style="white-space:nowrap">
                  <a name="x-http://snomed.info/sct-300913006"> </a>  
                  <a href="http://snomed.info/id/300913006">300913006</a>
                </td>
                <td>http://snomed.info/sct</td>
                <td>Shellfish allergy</td>
              </tr>
              <tr>
                <td style="white-space:nowrap">
                  <a name="x-http://snomed.info/sct-782594005"> </a>  
                  <a href="http://snomed.info/id/782594005">782594005</a>
                </td>
                <td>http://snomed.info/sct</td>
                <td>Allergy to soy protein (finding)</td>
              </tr>
              <tr>
                <td style="white-space:nowrap">
                  <a name="x-http://snomed.info/sct-21191000122102"> </a>  
                  <a href="http://snomed.info/id/21191000122102">21191000122102</a>
                </td>
                <td>http://snomed.info/sct</td>
                <td>Allergy to mustard</td>
              </tr>
              <tr>
                <td style="white-space:nowrap">
                  <a name="x-http://snomed.info/sct-712843002"> </a>  
                  <a href="http://snomed.info/id/712843002">712843002</a>
                </td>
                <td>http://snomed.info/sct</td>
                <td>Allergy to celery</td>
              </tr>
              <tr>
                <td style="white-space:nowrap">
                  <a name="x-http://snomed.info/sct-782575000"> </a>  
                  <a href="http://snomed.info/id/782575000">782575000</a>
                </td>
                <td>http://snomed.info/sct</td>
                <td>Allergy to lupine seed (finding)</td>
              </tr>
            </table>
          </div>
        </text>
        <url value="http://openhie.com/fhir/FoodAllergy/ValueSet/FoodAllergyVS"/>
        <version value="1.0.0"/>
        <name value="FoodAllergyVS"/>
        <title value="Food Allergies"/>
        <status value="active"/>
        <date value="2025-07-16T22:07:16+00:00"/>
        <jurisdiction>
          <coding>
            <system value="http://unstats.un.org/unsd/methods/m49/m49.htm"/>
            <code value="001"/>
            <display value="World"/>
          </coding>
        </jurisdiction>
        <expansion>
          <identifier value="urn:uuid:a0333231-2db0-43eb-91f1-828cfbf50f37"/>
          <timestamp value="2025-07-16T22:08:08+00:00"/>
          <total value="8"/>
          <offset value="0"/>
          <parameter>
            <name value="displayLanguage"/>
            <valueCode value="en-US"/>
          </parameter>
          <parameter>
            <name value="count"/>
            <valueInteger value="1000"/>
          </parameter>
          <parameter>
            <name value="offset"/>
            <valueInteger value="0"/>
          </parameter>
          <parameter>
            <name value="excludeNested"/>
            <valueBoolean value="false"/>
          </parameter>
          <parameter>
            <name value="used-valueset"/>
            <valueUri value="null"/>
          </parameter>
          <parameter>
            <name value="used-codesystem"/>
            <valueUri value="http://snomed.info/sct|http://snomed.info/sct/900000000000207008/version/20250201"/>
          </parameter>
          <parameter>
            <name value="version"/>
            <valueUri value="http://snomed.info/sct|http://snomed.info/sct/900000000000207008/version/20250201"/>
          </parameter>
          <contains>
            <system value="http://snomed.info/sct"/>
            <code value="91935009"/>
            <display value="Allergy to peanuts"/>
          </contains>
          <contains>
            <system value="http://snomed.info/sct"/>
            <code value="782555009"/>
            <display value="Allergy to cow's milk protein"/>
          </contains>
          <contains>
            <system value="http://snomed.info/sct"/>
            <code value="417532002"/>
            <display value="Allergy to fish"/>
          </contains>
          <contains>
            <system value="http://snomed.info/sct"/>
            <code value="300913006"/>
            <display value="Shellfish allergy"/>
          </contains>
          <contains>
            <system value="http://snomed.info/sct"/>
            <code value="782594005"/>
            <display value="Allergy to soy protein (finding)"/>
          </contains>
          <contains>
            <system value="http://snomed.info/sct"/>
            <code value="21191000122102"/>
            <display value="Allergy to mustard"/>
          </contains>
          <contains>
            <system value="http://snomed.info/sct"/>
            <code value="712843002"/>
            <display value="Allergy to celery"/>
          </contains>
          <contains>
            <system value="http://snomed.info/sct"/>
            <code value="782575000"/>
            <display value="Allergy to lupine seed (finding)"/>
          </contains>
        </expansion>
      </ValueSet>
    </resource>
  </entry>
</Bundle>