{
  "resourceType" : "Bundle",
  "id" : "925b74ed-20dc-4302-8d94-391ff45f8e55",
  "meta" : {
    "lastUpdated" : "2025-07-16T22:07:54.721+00:00"
  },
  "type" : "collection",
  "entry" : [{
    "fullUrl" : "http://openhie.com/fhir/FoodAllergy/ValueSet/FoodAllergyVS",
    "resource" : {
      "resourceType" : "ValueSet",
      "text" : {
        "status" : "generated",
        "div" : "<div xmlns=\"http://www.w3.org/1999/xhtml\"><p class=\"res-header-id\"/><p style=\"border: black 1px dotted; background-color: #EEEEEE; padding: 8px; margin-bottom: 8px\">Expansion from tx.fhir.org based on SNOMED CT International edition 01-Feb 2025</p><p>This value set contains 8 concepts</p><table class=\"codes\"><tr><td style=\"white-space:nowrap\"><b>Code</b></td><td><b>System</b></td><td><b>Display (en-US)</b></td></tr><tr><td style=\"white-space:nowrap\"><a name=\"x-http://snomed.info/sct-91935009\"> </a>\u00a0\u00a0<a href=\"http://snomed.info/id/91935009\">91935009</a></td><td>http://snomed.info/sct</td><td>Allergy to peanuts</td></tr><tr><td style=\"white-space:nowrap\"><a name=\"x-http://snomed.info/sct-782555009\"> </a>\u00a0\u00a0<a href=\"http://snomed.info/id/782555009\">782555009</a></td><td>http://snomed.info/sct</td><td>Allergy to cow's milk protein</td></tr><tr><td style=\"white-space:nowrap\"><a name=\"x-http://snomed.info/sct-417532002\"> </a>\u00a0\u00a0<a href=\"http://snomed.info/id/417532002\">417532002</a></td><td>http://snomed.info/sct</td><td>Allergy to fish</td></tr><tr><td style=\"white-space:nowrap\"><a name=\"x-http://snomed.info/sct-300913006\"> </a>\u00a0\u00a0<a href=\"http://snomed.info/id/300913006\">300913006</a></td><td>http://snomed.info/sct</td><td>Shellfish allergy</td></tr><tr><td style=\"white-space:nowrap\"><a name=\"x-http://snomed.info/sct-782594005\"> </a>\u00a0\u00a0<a href=\"http://snomed.info/id/782594005\">782594005</a></td><td>http://snomed.info/sct</td><td>Allergy to soy protein (finding)</td></tr><tr><td style=\"white-space:nowrap\"><a name=\"x-http://snomed.info/sct-21191000122102\"> </a>\u00a0\u00a0<a href=\"http://snomed.info/id/21191000122102\">21191000122102</a></td><td>http://snomed.info/sct</td><td>Allergy to mustard</td></tr><tr><td style=\"white-space:nowrap\"><a name=\"x-http://snomed.info/sct-712843002\"> </a>\u00a0\u00a0<a href=\"http://snomed.info/id/712843002\">712843002</a></td><td>http://snomed.info/sct</td><td>Allergy to celery</td></tr><tr><td style=\"white-space:nowrap\"><a name=\"x-http://snomed.info/sct-782575000\"> </a>\u00a0\u00a0<a href=\"http://snomed.info/id/782575000\">782575000</a></td><td>http://snomed.info/sct</td><td>Allergy to lupine seed (finding)</td></tr></table></div>"
      },
      "url" : "http://openhie.com/fhir/FoodAllergy/ValueSet/FoodAllergyVS",
      "version" : "1.0.0",
      "name" : "FoodAllergyVS",
      "title" : "Food Allergies",
      "status" : "active",
      "date" : "2025-07-16T22:07:16+00:00",
      "jurisdiction" : [{
        "coding" : [{
          "system" : "http://unstats.un.org/unsd/methods/m49/m49.htm",
          "code" : "001",
          "display" : "World"
        }]
      }],
      "expansion" : {
        "identifier" : "urn:uuid:a0333231-2db0-43eb-91f1-828cfbf50f37",
        "timestamp" : "2025-07-16T22:08:08+00:00",
        "total" : 8,
        "offset" : 0,
        "parameter" : [{
          "name" : "displayLanguage",
          "valueCode" : "en-US"
        },
        {
          "name" : "count",
          "valueInteger" : 1000
        },
        {
          "name" : "offset",
          "valueInteger" : 0
        },
        {
          "name" : "excludeNested",
          "valueBoolean" : false
        },
        {
          "name" : "used-valueset",
          "valueUri" : "null"
        },
        {
          "name" : "used-codesystem",
          "valueUri" : "http://snomed.info/sct|http://snomed.info/sct/900000000000207008/version/20250201"
        },
        {
          "name" : "version",
          "valueUri" : "http://snomed.info/sct|http://snomed.info/sct/900000000000207008/version/20250201"
        }],
        "contains" : [{
          "system" : "http://snomed.info/sct",
          "code" : "91935009",
          "display" : "Allergy to peanuts"
        },
        {
          "system" : "http://snomed.info/sct",
          "code" : "782555009",
          "display" : "Allergy to cow's milk protein"
        },
        {
          "system" : "http://snomed.info/sct",
          "code" : "417532002",
          "display" : "Allergy to fish"
        },
        {
          "system" : "http://snomed.info/sct",
          "code" : "300913006",
          "display" : "Shellfish allergy"
        },
        {
          "system" : "http://snomed.info/sct",
          "code" : "782594005",
          "display" : "Allergy to soy protein (finding)"
        },
        {
          "system" : "http://snomed.info/sct",
          "code" : "21191000122102",
          "display" : "Allergy to mustard"
        },
        {
          "system" : "http://snomed.info/sct",
          "code" : "712843002",
          "display" : "Allergy to celery"
        },
        {
          "system" : "http://snomed.info/sct",
          "code" : "782575000",
          "display" : "Allergy to lupine seed (finding)"
        }]
      }
    }
  }]
}